n_vul_samples,A@10,P@10,R@10,MRR@10,MAP@10
501,0.09780439121756487,0.01097804391217565,0.022564034783554794,0.09048569527611443,0.02252186103982511
